{
  "valence_metrics": {
    "PCC": 0.9654045211609037,
    "CCC": 0.9647227389375536,
    "RMSE": 0.7361003160476685,
    "SAGR": 0.7130211972979269,
    "MSE": 0.5418436527252197
  },
  "arousal_metrics": {
    "PCC": 0.960473173426777,
    "CCC": 0.9592249089431932,
    "RMSE": 0.7247101664543152,
    "SAGR": 0.8922498419353765,
    "MSE": 0.5252048373222351
  },
  "overall_metrics": {
    "PCC": 0.9629388472938403,
    "CCC": 0.9619738239403735,
    "RMSE": 0.7304052114486694,
    "MSE": 0.5335242748260498
  },
  "model_path": "hsv_features_training/best_model.pth",
  "model_type": "feature",
  "num_samples": 30051
}